Participant_ID,Group,IMI_Score_Item_1,IMI_Score_Item_2,IMI_Score_Item_3,IMI_Score_Item_4,IMI_Score_Item_5,IMI_Score_Item_6,IMI_Score_Item_7,IMI_Score_Item_8,IMI_Score_Item_9,IMI_Score_Item_10,IMI_Score_Item_11,IMI_Score_Item_12,IMI_Score_Item_13,IMI_Score_Item_14,IMI_Score_Item_15,IMI_Score_Item_16,IMI_Score_Item_17,IMI_Score_Item_18,IMI_Score_Item_19,IMI_Score_Item_20,IMI_Score_Item_21,IMI_Score_Item_22,IMI_Score_Item_23,IMI_Score_Item_24,IMI_Score,PAS_Score_Item_1,PAS_Score_Item_2,PAS_Score_Item_3,PAS_Score_Item_4,PAS_Score_Item_5,PAS_Score_Item_6,PAS_Score_Item_7,PAS_Score_Item_8,PAS_Score_Item_9,PAS_Score_Item_10,PAS_Score_Item_11,PAS_Score,CLS_Score_Item_1,CLS_Score_Item_2,CLS_Score_Item_3,CLS_Score_Item_4,CLS_Score_Item_5,CLS_Score_Item_6,CLS_Score_Item_7,CLS_Score_Item_8,CLS_Score_Item_9,CLS_Score,SPQ_Score_Item_1,SPQ_Score_Item_2,SPQ_Score_Item_3,SPQ_Score_Item_4,SPQ_Score_Item_5,SPQ_Score_Item_6,SPQ_Score_Item_7,SPQ_Score_Item_8,SPQ_Score_Item_9,SPQ_Score_Item_10,SPQ_Score_Item_11,SPQ_Score_Item_12,SPQ_Score,TAM_Score_Item_1,TAM_Score_Item_2,TAM_Score_Item_3,TAM_Score_Item_4,TAM_Score_Item_5,TAM_Score_Item_6,TAM_Score_Item_7,TAM_Score_Item_8,TAM_Score_Item_9,TAM_Score_Item_10,TAM_Score_Item_11,TAM_Score_Item_12,TAM_Score,Performance_T3
P00001,AI-Assisted (GPT-3.5),6,5,6,7,5,5,7,7,5,6,5,5,6,3,3,5,4,6,4,3,7,5,6,3,5.166666666666667,2,3,1,3,2,2,2,5,2,1,4,2.4545454545454546,3.0,6.0,2.0,3.0,6.0,6.0,5.0,5.0,5.0,4.555555555555555,3.0,4.0,4.0,6.0,5.0,2.0,5.0,4.0,4.0,6.0,6.0,6.0,4.583333333333333,4.0,5.0,6.0,7.0,5.0,5.0,4.0,3.0,6.0,7.0,5.0,7.0,5.333333333333333,87.01
P00002,AI-Assisted (GPT-3.5),5,6,7,5,7,2,7,6,5,6,3,5,6,7,5,4,5,7,6,5,6,6,7,4,5.5,2,2,1,3,3,2,2,1,2,2,1,1.9090909090909092,5.0,6.0,7.0,5.0,6.0,5.0,2.0,5.0,5.0,5.111111111111111,7.0,5.0,5.0,5.0,3.0,7.0,6.0,6.0,4.0,7.0,3.0,6.0,5.333333333333333,7.0,4.0,4.0,5.0,4.0,3.0,5.0,4.0,6.0,4.0,7.0,4.0,4.75,79.87
P00003,AI-Assisted (GPT-3.5),7,4,6,7,3,6,6,7,4,4,6,6,6,6,4,6,6,4,7,6,4,6,4,7,5.5,4,1,4,3,4,5,2,1,1,1,2,2.5454545454545454,6.0,6.0,6.0,5.0,7.0,5.0,7.0,6.0,4.0,5.777777777777778,3.0,6.0,5.0,6.0,6.0,5.0,4.0,3.0,4.0,6.0,5.0,3.0,4.666666666666667,5.0,6.0,4.0,5.0,5.0,4.0,6.0,6.0,7.0,7.0,3.0,4.0,5.166666666666667,88.61
P00005,AI-Assisted (GPT-3.5),6,5,6,5,6,6,7,4,7,3,5,6,6,5,5,5,5,7,6,4,7,6,7,6,5.625,1,2,4,3,2,3,4,2,3,2,2,2.5454545454545454,7.0,6.0,6.0,7.0,5.0,6.0,5.0,6.0,5.0,5.888888888888889,5.0,6.0,4.0,7.0,3.0,3.0,7.0,6.0,6.0,6.0,5.0,4.0,5.166666666666667,5.0,4.0,7.0,5.0,4.0,5.0,6.0,4.0,4.0,6.0,6.0,4.0,5.0,78.32
P00006,AI-Assisted (GPT-3.5),6,3,3,4,5,6,7,7,5,5,4,5,5,6,4,6,7,5,6,7,5,6,6,6,5.375,1,2,3,5,4,6,1,4,3,6,1,3.272727272727273,4.0,4.0,2.0,4.0,4.0,5.0,6.0,7.0,7.0,4.777777777777778,4.0,4.0,6.0,3.0,7.0,7.0,4.0,2.0,7.0,5.0,7.0,2.0,4.833333333333333,4.0,5.0,5.0,5.0,6.0,4.0,5.0,5.0,6.0,6.0,4.0,3.0,4.833333333333333,96.56
P00007,AI-Assisted (GPT-3.5),6,4,7,6,7,6,7,7,5,7,6,7,4,7,7,3,4,2,5,7,7,6,7,3,5.708333333333333,1,2,3,2,1,2,1,3,3,1,2,1.9090909090909092,4.0,5.0,7.0,4.0,6.0,4.0,4.0,5.0,4.0,4.777777777777778,4.0,3.0,7.0,5.0,4.0,5.0,5.0,5.0,6.0,6.0,4.0,4.0,4.833333333333333,5.0,2.0,3.0,7.0,7.0,5.0,6.0,6.0,7.0,7.0,5.0,4.0,5.333333333333333,66.48
P00008,AI-Assisted (GPT-3.5),6,4,3,5,4,7,7,5,7,6,4,7,6,4,5,4,3,7,7,3,6,5,5,5,5.208333333333333,1,2,1,3,2,2,1,2,4,3,1,2.0,5.0,6.0,3.0,6.0,4.0,6.0,4.0,3.0,3.0,4.444444444444445,5.0,5.0,4.0,6.0,2.0,5.0,3.0,4.0,5.0,4.0,4.0,6.0,4.416666666666667,4.0,6.0,4.0,6.0,7.0,2.0,4.0,6.0,5.0,6.0,4.0,5.0,4.916666666666667,81.61
P00010,AI-Assisted (GPT-3.5),6,7,7,7,5,4,5,6,7,3,7,5,5,4,3,7,6,4,4,5,7,5,3,5,5.291666666666667,2,1,2,2,3,5,4,2,1,6,3,2.8181818181818183,5.0,5.0,6.0,5.0,4.0,4.0,5.0,4.0,4.0,4.666666666666667,5.0,4.0,7.0,1.0,7.0,7.0,2.0,4.0,4.0,3.0,4.0,3.0,4.25,7.0,7.0,7.0,6.0,4.0,4.0,6.0,3.0,6.0,5.0,5.0,6.0,5.5,87.87
P00011,AI-Assisted (GPT-3.5),5,7,4,6,6,5,6,4,7,5,5,7,4,3,3,6,4,7,2,7,6,5,5,6,5.208333333333333,2,4,3,3,2,2,3,1,1,4,3,2.5454545454545454,5.0,5.0,6.0,4.0,4.0,6.0,4.0,6.0,3.0,4.777777777777778,6.0,6.0,5.0,6.0,7.0,6.0,2.0,3.0,4.0,5.0,6.0,4.0,5.0,6.0,4.0,4.0,3.0,4.0,3.0,4.0,7.0,4.0,7.0,6.0,6.0,4.833333333333333,74.28
P00012,AI-Assisted (GPT-3.5),7,5,6,7,5,7,4,5,7,5,7,7,5,6,7,6,3,4,5,5,6,6,3,6,5.583333333333333,3,3,4,4,3,2,1,3,3,3,1,2.727272727272727,4.0,7.0,5.0,6.0,5.0,5.0,7.0,4.0,5.0,5.333333333333333,4.0,4.0,4.0,5.0,4.0,7.0,4.0,5.0,4.0,7.0,5.0,6.0,4.916666666666667,3.0,6.0,7.0,5.0,7.0,4.0,7.0,7.0,5.0,5.0,7.0,7.0,5.833333333333333,77.78
P00013,AI-Assisted (GPT-3.5),5,5,3,4,4,4,5,6,7,4,7,5,5,6,4,6,6,6,6,7,5,5,5,5,5.208333333333333,1,4,5,2,1,3,2,3,3,1,5,2.727272727272727,7.0,4.0,5.0,6.0,6.0,6.0,7.0,5.0,4.0,5.555555555555555,3.0,4.0,5.0,7.0,4.0,5.0,5.0,7.0,7.0,4.0,4.0,6.0,5.083333333333333,6.0,7.0,6.0,5.0,6.0,7.0,6.0,6.0,7.0,7.0,7.0,6.0,6.333333333333333,81.49
P00015,AI-Assisted (GPT-3.5),4,7,5,3,6,4,7,5,5,3,5,2,3,7,7,6,4,5,5,4,7,7,5,6,5.083333333333333,3,1,2,1,1,2,5,3,2,3,5,2.5454545454545454,7.0,5.0,4.0,6.0,6.0,7.0,6.0,7.0,4.0,5.777777777777778,7.0,5.0,7.0,4.0,7.0,5.0,4.0,4.0,4.0,6.0,6.0,4.0,5.25,5.0,7.0,7.0,6.0,5.0,5.0,6.0,4.0,5.0,3.0,6.0,6.0,5.416666666666667,78.19
P00016,AI-Assisted (GPT-3.5),7,4,3,6,7,7,5,7,5,5,7,6,3,7,7,5,6,6,6,5,4,5,7,6,5.666666666666667,2,4,1,4,1,2,1,1,4,2,3,2.272727272727273,5.0,6.0,5.0,3.0,7.0,4.0,3.0,5.0,7.0,5.0,6.0,4.0,4.0,4.0,7.0,5.0,6.0,6.0,5.0,4.0,5.0,5.0,5.083333333333333,5.0,6.0,5.0,6.0,5.0,5.0,2.0,7.0,6.0,7.0,1.0,7.0,5.166666666666667,81.78
P00017,AI-Assisted (GPT-3.5),7,4,6,4,5,7,5,6,7,6,6,6,7,5,6,7,7,7,6,4,7,4,6,4,5.791666666666667,2,3,3,3,5,3,2,4,4,1,3,3.0,6.0,5.0,7.0,5.0,5.0,5.0,5.0,4.0,3.0,5.0,7.0,4.0,3.0,2.0,4.0,3.0,7.0,6.0,4.0,7.0,6.0,4.0,4.75,1.0,7.0,3.0,3.0,7.0,7.0,7.0,6.0,6.0,7.0,6.0,6.0,5.5,84.32
P00018,AI-Assisted (GPT-3.5),5,4,5,3,5,4,4,6,7,7,3,4,7,4,5,6,4,6,3,5,6,3,6,5,4.875,3,3,4,3,2,3,3,2,2,1,1,2.4545454545454546,3.0,7.0,3.0,4.0,4.0,7.0,5.0,7.0,4.0,4.888888888888889,5.0,4.0,7.0,3.0,5.0,6.0,5.0,5.0,5.0,5.0,5.0,6.0,5.083333333333333,7.0,4.0,3.0,5.0,7.0,4.0,7.0,7.0,4.0,6.0,7.0,5.0,5.5,81.11
P00020,AI-Assisted (GPT-3.5),7,7,6,6,4,4,5,5,5,6,6,5,6,6,3,4,5,4,6,7,7,5,7,6,5.5,2,1,2,2,3,3,2,3,4,4,1,2.4545454545454546,1.0,7.0,3.0,5.0,3.0,3.0,6.0,6.0,4.0,4.222222222222222,1.0,4.0,5.0,3.0,5.0,5.0,6.0,5.0,3.0,7.0,5.0,5.0,4.5,4.0,5.0,4.0,5.0,7.0,3.0,3.0,7.0,5.0,4.0,7.0,4.0,4.833333333333333,100.0
P00021,AI-Assisted (GPT-3.5),7,5,7,5,7,6,7,7,6,4,6,4,7,6,5,6,3,4,7,5,4,6,7,7,5.75,4,1,1,5,2,2,4,3,3,6,1,2.909090909090909,7.0,5.0,6.0,7.0,6.0,6.0,7.0,5.0,4.0,5.888888888888889,3.0,2.0,7.0,3.0,5.0,4.0,5.0,6.0,6.0,4.0,5.0,5.0,4.583333333333333,5.0,7.0,6.0,6.0,6.0,7.0,6.0,3.0,6.0,4.0,4.0,6.0,5.5,96.15
P00022,AI-Assisted (GPT-3.5),6,6,7,6,7,6,3,7,6,7,6,5,4,5,4,5,6,7,6,4,6,7,5,5,5.666666666666667,2,1,3,2,3,1,2,3,2,5,2,2.3636363636363638,6.0,7.0,3.0,3.0,3.0,7.0,4.0,7.0,4.0,4.888888888888889,5.0,7.0,7.0,7.0,7.0,6.0,6.0,6.0,4.0,4.0,5.0,5.0,5.75,5.0,6.0,7.0,5.0,7.0,4.0,5.0,4.0,2.0,5.0,5.0,7.0,5.166666666666667,89.81
P00023,AI-Assisted (GPT-3.5),4,7,7,6,5,4,5,7,7,7,5,4,6,3,6,5,5,3,6,5,4,1,5,7,5.166666666666667,5,2,2,3,1,3,4,4,2,2,1,2.6363636363636362,4.0,5.0,6.0,7.0,4.0,7.0,5.0,5.0,4.0,5.222222222222222,1.0,6.0,6.0,4.0,5.0,6.0,3.0,4.0,6.0,3.0,5.0,3.0,4.333333333333333,6.0,5.0,3.0,7.0,4.0,4.0,6.0,7.0,4.0,5.0,6.0,6.0,5.25,85.07
P00025,AI-Assisted (GPT-3.5),6,7,4,7,7,5,2,5,7,5,4,5,7,6,5,5,5,4,7,5,7,7,7,5,5.583333333333333,3,2,1,3,1,4,2,3,3,2,3,2.4545454545454546,5.0,7.0,3.0,5.0,7.0,4.0,4.0,6.0,6.0,5.222222222222222,5.0,6.0,6.0,7.0,5.0,5.0,6.0,7.0,5.0,3.0,7.0,5.0,5.583333333333333,2.0,7.0,4.0,5.0,6.0,6.0,6.0,5.0,6.0,5.0,6.0,6.0,5.333333333333333,73.48
P00026,AI-Assisted (GPT-3.5),7,5,7,6,7,5,5,5,5,7,3,4,4,7,7,5,5,6,7,4,6,7,6,6,5.666666666666667,4,1,3,1,1,3,4,2,4,5,4,2.909090909090909,7.0,6.0,5.0,3.0,5.0,4.0,7.0,5.0,5.0,5.222222222222222,6.0,5.0,7.0,4.0,5.0,4.0,3.0,4.0,5.0,4.0,4.0,3.0,4.5,5.0,3.0,6.0,5.0,3.0,5.0,4.0,6.0,7.0,2.0,5.0,5.0,4.666666666666667,90.24
P00027,AI-Assisted (GPT-3.5),6,4,5,4,7,6,7,5,4,3,3,3,6,6,3,7,5,6,7,7,5,4,2,4,4.958333333333333,2,1,2,3,2,1,3,3,1,5,2,2.272727272727273,5.0,6.0,6.0,7.0,6.0,4.0,6.0,4.0,5.0,5.444444444444445,5.0,5.0,5.0,2.0,4.0,5.0,5.0,3.0,7.0,4.0,6.0,6.0,4.75,4.0,7.0,3.0,7.0,7.0,4.0,7.0,5.0,6.0,6.0,5.0,6.0,5.583333333333333,91.51
P00028,AI-Assisted (GPT-3.5),3,7,3,7,7,4,5,4,5,5,7,7,7,5,5,3,4,7,7,4,5,5,6,4,5.25,3,2,2,3,2,2,2,2,2,2,5,2.4545454545454546,6.0,5.0,6.0,5.0,7.0,6.0,5.0,6.0,3.0,5.444444444444445,3.0,3.0,5.0,7.0,7.0,6.0,6.0,2.0,4.0,4.0,4.0,5.0,4.666666666666667,5.0,2.0,6.0,4.0,6.0,7.0,4.0,1.0,5.0,7.0,7.0,3.0,4.75,88.42
P00030,AI-Assisted (GPT-3.5),5,4,5,3,6,5,4,6,7,3,4,4,4,7,5,5,2,6,4,6,6,7,4,1,4.708333333333333,3,5,4,3,2,4,1,3,3,4,7,3.5454545454545454,6.0,4.0,5.0,3.0,4.0,5.0,4.0,5.0,4.0,4.444444444444445,7.0,5.0,5.0,4.0,5.0,6.0,4.0,4.0,4.0,3.0,4.0,4.0,4.583333333333333,7.0,6.0,6.0,7.0,5.0,6.0,5.0,6.0,4.0,2.0,5.0,7.0,5.5,92.9
P00031,AI-Assisted (GPT-3.5),7,7,6,6,5,5,6,7,5,5,5,6,3,2,5,4,5,5,5,7,6,6,6,4,5.333333333333333,4,2,3,1,1,4,3,1,1,4,1,2.272727272727273,7.0,4.0,6.0,5.0,6.0,4.0,5.0,5.0,4.0,5.111111111111111,6.0,4.0,5.0,3.0,1.0,5.0,7.0,6.0,5.0,4.0,5.0,6.0,4.75,3.0,7.0,6.0,6.0,6.0,5.0,6.0,6.0,5.0,4.0,5.0,7.0,5.5,70.31
P00032,AI-Assisted (GPT-3.5),3,6,6,6,6,5,7,3,4,5,3,5,7,6,6,4,5,5,5,7,6,4,6,6,5.25,4,5,1,1,1,2,3,4,2,2,3,2.5454545454545454,4.0,7.0,3.0,6.0,7.0,5.0,5.0,5.0,5.0,5.222222222222222,7.0,2.0,7.0,3.0,4.0,4.0,6.0,2.0,6.0,7.0,3.0,5.0,4.666666666666667,4.0,6.0,5.0,4.0,6.0,7.0,5.0,6.0,3.0,4.0,6.0,7.0,5.25,86.94
P00033,AI-Assisted (GPT-3.5),5,5,4,6,7,5,5,6,5,5,7,5,5,5,7,5,5,7,7,5,3,7,4,7,5.5,1,4,1,4,2,1,2,3,3,3,5,2.6363636363636362,3.0,7.0,5.0,4.0,3.0,5.0,7.0,5.0,7.0,5.111111111111111,3.0,5.0,3.0,5.0,6.0,4.0,1.0,5.0,6.0,5.0,7.0,3.0,4.416666666666667,6.0,7.0,3.0,6.0,4.0,5.0,6.0,5.0,4.0,5.0,4.0,4.0,4.916666666666667,90.32
P00035,AI-Assisted (GPT-3.5),5,4,7,5,7,6,7,3,7,6,5,6,3,6,4,3,3,7,5,7,5,3,4,7,5.208333333333333,2,2,3,3,4,5,2,1,2,3,1,2.5454545454545454,4.0,6.0,5.0,5.0,4.0,5.0,4.0,7.0,7.0,5.222222222222222,2.0,3.0,3.0,4.0,5.0,3.0,3.0,3.0,5.0,5.0,4.0,5.0,3.75,4.0,5.0,7.0,7.0,3.0,6.0,6.0,4.0,6.0,7.0,4.0,4.0,5.25,93.85
P00036,AI-Assisted (GPT-3.5),6,6,6,6,3,7,7,5,5,3,6,6,5,7,5,6,4,5,5,6,5,5,7,5,5.458333333333333,1,5,4,1,3,2,3,3,2,1,1,2.3636363636363638,4.0,4.0,5.0,4.0,6.0,7.0,4.0,6.0,6.0,5.111111111111111,6.0,5.0,6.0,6.0,3.0,6.0,6.0,4.0,5.0,6.0,5.0,6.0,5.333333333333333,7.0,4.0,3.0,6.0,6.0,5.0,7.0,3.0,6.0,4.0,7.0,7.0,5.416666666666667,75.24
P00037,AI-Assisted (GPT-3.5),5,7,5,5,6,3,5,4,5,7,4,7,5,5,7,6,6,7,5,5,4,4,7,7,5.458333333333333,1,1,3,3,3,2,2,3,3,1,2,2.1818181818181817,4.0,5.0,7.0,6.0,5.0,7.0,6.0,6.0,6.0,5.777777777777778,7.0,3.0,6.0,3.0,6.0,3.0,4.0,4.0,6.0,6.0,3.0,5.0,4.666666666666667,4.0,3.0,5.0,5.0,7.0,6.0,3.0,4.0,7.0,7.0,3.0,2.0,4.666666666666667,100.0
P00038,AI-Assisted (GPT-3.5),6,4,6,2,5,6,7,4,6,4,6,4,5,4,6,7,5,6,3,5,5,7,4,7,5.166666666666667,4,3,5,3,3,2,4,4,1,1,2,2.909090909090909,4.0,5.0,7.0,5.0,5.0,5.0,7.0,2.0,4.0,4.888888888888889,5.0,7.0,4.0,2.0,6.0,4.0,3.0,4.0,5.0,4.0,2.0,6.0,4.333333333333333,7.0,6.0,4.0,5.0,5.0,6.0,6.0,4.0,5.0,6.0,7.0,6.0,5.583333333333333,91.47
P00050,AI-Assisted (Claude 3),7,6,7,7,5,4,6,7,6,3,4,5,5,7,3,6,7,7,5,6,6,6,5,6,5.666666666666667,1,3,2,2,5,1,2,5,1,1,2,2.272727272727273,7.0,6.0,3.0,5.0,4.0,5.0,6.0,6.0,3.0,5.0,7.0,5.0,7.0,6.0,7.0,6.0,7.0,6.0,5.0,7.0,6.0,6.0,6.25,3.0,3.0,6.0,6.0,4.0,6.0,7.0,6.0,4.0,5.0,4.0,5.0,4.916666666666667,80.1
P00051,AI-Assisted (Claude 3),5,4,5,5,1,7,7,5,6,4,7,7,6,7,6,4,5,6,5,5,5,5,6,4,5.291666666666667,1,1,4,1,4,4,2,1,2,2,1,2.090909090909091,5.0,7.0,6.0,4.0,3.0,5.0,5.0,6.0,5.0,5.111111111111111,6.0,7.0,6.0,5.0,5.0,4.0,7.0,4.0,5.0,5.0,4.0,3.0,5.083333333333333,6.0,5.0,6.0,4.0,7.0,4.0,7.0,3.0,6.0,6.0,4.0,6.0,5.333333333333333,98.37
P00052,AI-Assisted (Claude 3),2,6,2,4,7,5,4,5,7,3,4,7,7,5,4,7,7,7,4,6,5,6,7,7,5.333333333333333,1,4,3,3,4,1,2,2,1,3,6,2.727272727272727,3.0,5.0,6.0,6.0,5.0,3.0,6.0,4.0,2.0,4.444444444444445,7.0,6.0,5.0,5.0,7.0,5.0,6.0,4.0,7.0,5.0,5.0,3.0,5.416666666666667,6.0,4.0,4.0,4.0,4.0,7.0,7.0,7.0,3.0,5.0,3.0,4.0,4.833333333333333,74.66
P00053,AI-Assisted (Claude 3),7,5,7,6,7,3,7,7,4,7,6,5,4,4,7,6,7,4,4,7,4,5,6,6,5.625,2,3,3,3,1,2,4,4,1,3,1,2.4545454545454546,5.0,7.0,4.0,4.0,6.0,3.0,4.0,6.0,4.0,4.777777777777778,5.0,6.0,6.0,5.0,4.0,5.0,5.0,6.0,4.0,5.0,3.0,5.0,4.916666666666667,4.0,4.0,6.0,6.0,6.0,5.0,6.0,6.0,6.0,4.0,6.0,6.0,5.416666666666667,84.64
P00055,AI-Assisted (Claude 3),6,7,4,2,7,4,3,6,7,5,5,5,5,4,5,6,6,6,4,5,2,6,7,3,5.0,1,3,4,2,1,1,2,5,3,2,3,2.4545454545454546,5.0,4.0,7.0,6.0,5.0,4.0,7.0,6.0,5.0,5.444444444444445,6.0,4.0,4.0,4.0,2.0,6.0,2.0,3.0,2.0,5.0,5.0,4.0,3.9166666666666665,4.0,4.0,6.0,4.0,6.0,4.0,6.0,7.0,6.0,5.0,6.0,5.0,5.25,84.65
P00056,AI-Assisted (Claude 3),5,5,6,4,4,3,3,4,6,4,6,6,3,7,7,4,6,4,6,4,3,5,5,5,4.791666666666667,1,2,3,2,3,1,4,1,3,4,3,2.4545454545454546,5.0,5.0,7.0,3.0,4.0,5.0,7.0,6.0,4.0,5.111111111111111,4.0,4.0,4.0,6.0,3.0,7.0,6.0,7.0,4.0,5.0,3.0,4.0,4.75,6.0,7.0,4.0,5.0,5.0,3.0,6.0,4.0,5.0,5.0,4.0,5.0,4.916666666666667,82.24
P00057,AI-Assisted (Claude 3),5,4,6,7,6,7,3,6,4,3,4,7,7,6,3,5,6,6,3,4,5,6,2,5,5.0,3,4,3,3,1,1,2,4,4,3,3,2.8181818181818183,6.0,5.0,5.0,7.0,4.0,7.0,5.0,7.0,3.0,5.444444444444445,6.0,4.0,3.0,5.0,6.0,4.0,3.0,5.0,5.0,6.0,6.0,5.0,4.833333333333333,7.0,6.0,5.0,3.0,5.0,5.0,7.0,6.0,4.0,6.0,6.0,7.0,5.583333333333333,94.14
P00058,AI-Assisted (Claude 3),7,6,6,7,4,5,4,6,7,5,2,5,7,6,6,5,4,6,4,7,6,5,5,5,5.416666666666667,2,4,3,1,5,2,3,1,3,3,1,2.5454545454545454,7.0,7.0,5.0,4.0,6.0,5.0,6.0,6.0,6.0,5.777777777777778,7.0,6.0,3.0,7.0,7.0,7.0,3.0,5.0,2.0,6.0,4.0,7.0,5.333333333333333,4.0,3.0,5.0,2.0,6.0,2.0,5.0,2.0,5.0,7.0,6.0,4.0,4.25,84.23
P00060,AI-Assisted (Claude 3),5,3,5,5,6,5,3,5,5,7,5,7,3,7,5,7,6,7,5,4,7,5,6,7,5.416666666666667,1,3,1,2,2,1,1,4,4,2,3,2.1818181818181817,5.0,7.0,5.0,6.0,7.0,4.0,7.0,3.0,7.0,5.666666666666667,4.0,5.0,2.0,4.0,3.0,4.0,5.0,6.0,5.0,5.0,3.0,4.0,4.166666666666667,7.0,4.0,7.0,5.0,5.0,7.0,7.0,5.0,5.0,5.0,6.0,7.0,5.833333333333333,84.61
P00061,AI-Assisted (Claude 3),7,7,6,6,3,2,6,5,5,6,5,7,6,4,7,5,6,5,5,6,6,6,5,3,5.375,2,3,2,2,4,1,1,2,2,1,2,2.0,6.0,5.0,6.0,7.0,5.0,6.0,5.0,4.0,4.0,5.333333333333333,4.0,5.0,7.0,4.0,4.0,5.0,6.0,5.0,7.0,1.0,1.0,4.0,4.416666666666667,7.0,3.0,1.0,6.0,6.0,4.0,4.0,4.0,5.0,4.0,6.0,1.0,4.25,75.32
P00062,AI-Assisted (Claude 3),4,5,5,7,3,6,6,7,5,6,3,2,7,6,7,4,6,7,6,6,6,3,7,5,5.375,3,1,1,4,2,4,2,1,4,1,3,2.3636363636363638,5.0,3.0,6.0,7.0,6.0,5.0,7.0,6.0,6.0,5.666666666666667,3.0,5.0,6.0,4.0,7.0,5.0,4.0,6.0,4.0,6.0,4.0,5.0,4.916666666666667,6.0,6.0,2.0,4.0,7.0,5.0,5.0,3.0,4.0,2.0,5.0,4.0,4.416666666666667,74.14
P00063,AI-Assisted (Claude 3),5,6,7,3,7,7,4,6,5,6,7,6,6,5,3,5,7,3,4,6,4,4,5,4,5.208333333333333,1,3,1,1,1,3,2,2,2,1,3,1.8181818181818181,6.0,5.0,7.0,4.0,7.0,6.0,5.0,5.0,5.0,5.555555555555555,7.0,3.0,4.0,6.0,4.0,6.0,7.0,4.0,6.0,3.0,6.0,5.0,5.083333333333333,6.0,4.0,3.0,6.0,2.0,5.0,7.0,6.0,7.0,7.0,4.0,5.0,5.166666666666667,84.06
P00065,AI-Assisted (Claude 3),6,3,5,2,7,4,7,7,4,4,6,4,6,5,3,2,6,5,5,7,7,5,5,6,5.041666666666667,1,3,3,3,1,1,1,2,3,5,2,2.272727272727273,5.0,7.0,6.0,7.0,6.0,4.0,3.0,3.0,6.0,5.222222222222222,7.0,7.0,6.0,7.0,4.0,3.0,6.0,6.0,5.0,6.0,5.0,7.0,5.75,7.0,6.0,7.0,6.0,5.0,6.0,3.0,7.0,4.0,6.0,4.0,6.0,5.583333333333333,84.2
P00066,AI-Assisted (Claude 3),3,6,5,7,6,6,4,5,5,7,7,4,7,2,4,4,4,3,6,5,6,7,6,7,5.25,2,1,4,1,1,2,1,2,3,3,1,1.9090909090909092,5.0,7.0,6.0,7.0,7.0,7.0,3.0,6.0,5.0,5.888888888888889,4.0,5.0,6.0,6.0,4.0,6.0,4.0,5.0,4.0,5.0,6.0,3.0,4.833333333333333,7.0,3.0,4.0,6.0,6.0,5.0,5.0,6.0,5.0,7.0,7.0,7.0,5.666666666666667,74.14
P00067,AI-Assisted (Claude 3),5,5,4,6,5,7,4,7,4,6,7,5,7,4,7,6,5,5,7,5,4,5,4,7,5.458333333333333,1,4,3,1,2,3,2,4,4,4,2,2.727272727272727,4.0,4.0,6.0,6.0,2.0,5.0,6.0,5.0,7.0,5.0,6.0,7.0,5.0,6.0,7.0,7.0,3.0,5.0,4.0,6.0,6.0,4.0,5.5,5.0,2.0,7.0,5.0,5.0,5.0,7.0,1.0,5.0,5.0,5.0,7.0,4.916666666666667,74.99
P00068,AI-Assisted (Claude 3),7,6,7,5,4,7,6,3,5,6,7,5,1,6,4,3,1,7,6,5,7,7,7,3,5.208333333333333,2,1,2,2,3,2,3,3,6,2,1,2.4545454545454546,6.0,4.0,7.0,5.0,4.0,5.0,6.0,5.0,4.0,5.111111111111111,7.0,4.0,5.0,6.0,2.0,6.0,3.0,6.0,3.0,6.0,7.0,6.0,5.083333333333333,6.0,5.0,4.0,7.0,4.0,4.0,6.0,4.0,4.0,3.0,5.0,5.0,4.75,87.19
P00070,AI-Assisted (Claude 3),7,7,6,4,6,4,5,7,7,6,4,7,6,2,7,6,7,4,1,6,6,3,4,7,5.375,2,3,1,1,2,2,2,2,3,2,1,1.9090909090909092,6.0,2.0,2.0,6.0,6.0,5.0,3.0,4.0,5.0,4.333333333333333,3.0,4.0,6.0,7.0,4.0,6.0,2.0,6.0,4.0,5.0,5.0,7.0,4.916666666666667,4.0,6.0,5.0,5.0,5.0,4.0,5.0,5.0,6.0,5.0,6.0,7.0,5.25,73.23
P00071,AI-Assisted (Claude 3),7,4,6,7,3,6,5,4,7,5,4,6,7,5,7,6,2,5,5,6,2,7,6,6,5.333333333333333,4,6,4,4,2,2,2,1,1,1,2,2.6363636363636362,3.0,6.0,5.0,6.0,5.0,7.0,7.0,3.0,6.0,5.333333333333333,4.0,3.0,3.0,6.0,4.0,6.0,6.0,7.0,4.0,6.0,6.0,4.0,4.916666666666667,4.0,7.0,6.0,6.0,4.0,3.0,4.0,5.0,4.0,5.0,3.0,4.0,4.583333333333333,91.81
P00072,AI-Assisted (Claude 3),6,5,4,4,5,7,7,5,4,6,4,5,7,7,6,4,6,7,5,7,7,7,6,6,5.708333333333333,4,3,2,2,3,1,2,4,1,5,4,2.8181818181818183,5.0,6.0,5.0,7.0,7.0,3.0,6.0,5.0,5.0,5.444444444444445,4.0,7.0,6.0,4.0,3.0,4.0,6.0,5.0,7.0,6.0,6.0,5.0,5.25,3.0,5.0,7.0,5.0,6.0,5.0,4.0,5.0,6.0,4.0,5.0,4.0,4.916666666666667,96.64
P00073,AI-Assisted (Claude 3),5,7,7,5,4,2,3,4,7,6,6,2,4,7,6,5,6,7,5,6,6,7,2,7,5.25,2,3,1,2,3,7,4,1,2,2,1,2.5454545454545454,5.0,6.0,3.0,7.0,6.0,4.0,5.0,7.0,6.0,5.444444444444445,5.0,5.0,5.0,4.0,2.0,7.0,5.0,6.0,5.0,4.0,5.0,3.0,4.666666666666667,7.0,3.0,4.0,5.0,7.0,5.0,3.0,7.0,6.0,6.0,6.0,7.0,5.5,100.0
P00075,AI-Assisted (Claude 3),4,6,4,6,5,7,6,3,5,6,7,5,3,7,4,5,5,5,7,5,5,6,6,6,5.333333333333333,3,4,3,3,1,2,3,3,1,1,1,2.272727272727273,6.0,7.0,5.0,7.0,6.0,5.0,5.0,6.0,6.0,5.888888888888889,7.0,4.0,6.0,4.0,4.0,5.0,5.0,7.0,5.0,3.0,5.0,2.0,4.75,5.0,5.0,6.0,7.0,5.0,5.0,4.0,4.0,6.0,3.0,5.0,4.0,4.916666666666667,90.5
P00076,AI-Assisted (Claude 3),7,4,3,5,6,6,5,5,6,7,3,5,6,4,7,5,6,6,5,3,5,7,5,4,5.208333333333333,4,2,2,3,3,6,4,4,2,1,2,3.0,6.0,4.0,5.0,6.0,6.0,6.0,6.0,5.0,5.0,5.444444444444445,3.0,7.0,5.0,5.0,4.0,7.0,3.0,4.0,6.0,6.0,6.0,7.0,5.25,6.0,4.0,5.0,6.0,7.0,3.0,7.0,6.0,7.0,5.0,4.0,6.0,5.5,91.63
P00077,AI-Assisted (Claude 3),7,6,5,3,7,6,4,5,5,3,4,4,5,4,3,7,7,4,6,6,7,4,7,5,5.166666666666667,1,3,4,6,1,3,2,3,1,1,1,2.3636363636363638,5.0,4.0,6.0,7.0,6.0,7.0,6.0,4.0,7.0,5.777777777777778,4.0,6.0,7.0,6.0,3.0,4.0,7.0,5.0,5.0,6.0,6.0,5.0,5.333333333333333,5.0,5.0,7.0,6.0,5.0,7.0,5.0,4.0,4.0,4.0,5.0,7.0,5.333333333333333,75.88
P00078,Human-Human Pair,6,4,5,3,5,5,6,6,4,7,6,6,5,5,6,6,3,5,5,6,7,4,5,5,5.208333333333333,1,2,4,1,3,1,2,2,5,2,1,2.1818181818181817,2.0,6.0,6.0,6.0,6.0,7.0,5.0,7.0,3.0,5.333333333333333,4.0,3.0,5.0,5.0,5.0,5.0,4.0,5.0,3.0,7.0,5.0,5.0,4.666666666666667,,,,,,,,,,,,,,98.64
P00080,Human-Human Pair,5,4,3,4,4,6,5,6,5,5,7,6,5,5,4,4,5,7,5,3,7,6,3,5,4.958333333333333,3,5,1,4,5,2,2,1,2,3,4,2.909090909090909,7.0,4.0,3.0,5.0,6.0,6.0,5.0,6.0,7.0,5.444444444444445,6.0,5.0,4.0,5.0,7.0,5.0,5.0,5.0,7.0,7.0,6.0,5.0,5.583333333333333,,,,,,,,,,,,,,80.55
P00081,Human-Human Pair,2,7,6,6,4,5,5,7,5,7,6,4,5,4,2,7,6,6,6,3,5,7,4,2,5.041666666666667,2,2,3,4,4,3,4,1,3,4,1,2.8181818181818183,3.0,4.0,4.0,7.0,5.0,4.0,5.0,7.0,6.0,5.0,5.0,5.0,7.0,4.0,7.0,6.0,5.0,7.0,4.0,5.0,3.0,7.0,5.416666666666667,,,,,,,,,,,,,,99.81
P00082,Human-Human Pair,7,7,5,5,3,7,6,5,7,4,6,5,6,5,3,6,7,5,7,4,5,4,7,5,5.458333333333333,4,4,4,3,1,3,2,2,2,1,1,2.4545454545454546,4.0,6.0,3.0,6.0,7.0,7.0,7.0,6.0,7.0,5.888888888888889,4.0,4.0,1.0,7.0,7.0,4.0,5.0,4.0,6.0,7.0,3.0,6.0,4.833333333333333,,,,,,,,,,,,,,76.9
P00083,Human-Human Pair,6,6,5,5,5,7,6,6,4,5,7,5,6,7,7,6,5,2,5,5,6,5,5,3,5.375,1,3,5,2,3,4,1,3,2,4,3,2.8181818181818183,6.0,4.0,7.0,7.0,4.0,5.0,6.0,7.0,5.0,5.666666666666667,1.0,7.0,6.0,3.0,4.0,7.0,7.0,7.0,5.0,5.0,5.0,7.0,5.333333333333333,,,,,,,,,,,,,,69.92
P00085,Human-Human Pair,7,6,6,5,6,5,6,3,5,7,4,5,5,4,2,5,6,5,5,5,7,5,5,5,5.166666666666667,4,5,2,3,3,1,3,1,1,3,2,2.5454545454545454,6.0,5.0,4.0,5.0,4.0,7.0,3.0,5.0,4.0,4.777777777777778,6.0,5.0,4.0,7.0,5.0,6.0,4.0,3.0,5.0,5.0,6.0,5.0,5.083333333333333,,,,,,,,,,,,,,82.51
P00086,Human-Human Pair,3,7,5,6,4,6,3,6,5,5,6,4,4,6,7,5,6,5,7,3,6,3,2,6,5.0,3,2,2,7,2,3,2,3,2,2,5,3.0,7.0,6.0,2.0,5.0,7.0,5.0,7.0,7.0,6.0,5.777777777777778,4.0,2.0,6.0,4.0,5.0,3.0,5.0,5.0,6.0,4.0,7.0,4.0,4.583333333333333,,,,,,,,,,,,,,60.61
P00087,Human-Human Pair,5,5,6,7,5,5,4,7,6,5,3,7,4,5,6,4,3,2,7,5,7,4,4,5,5.041666666666667,3,2,4,1,1,1,1,2,2,2,5,2.1818181818181817,7.0,5.0,3.0,5.0,5.0,5.0,4.0,5.0,5.0,4.888888888888889,4.0,6.0,6.0,4.0,7.0,4.0,3.0,6.0,4.0,6.0,2.0,7.0,4.916666666666667,,,,,,,,,,,,,,87.96
P00088,Human-Human Pair,3,3,7,4,4,2,5,5,6,3,3,6,7,3,7,5,7,5,2,5,7,4,5,5,4.708333333333333,1,5,1,3,3,5,3,2,1,4,1,2.6363636363636362,6.0,4.0,7.0,6.0,6.0,6.0,3.0,4.0,6.0,5.333333333333333,5.0,7.0,6.0,4.0,4.0,5.0,2.0,7.0,6.0,7.0,3.0,7.0,5.25,,,,,,,,,,,,,,100.0
P00100,Human-Human Pair,5,6,7,5,3,7,5,6,7,5,4,6,3,5,6,5,3,7,6,7,5,4,6,5,5.333333333333333,1,5,2,1,5,2,2,1,5,1,3,2.5454545454545454,7.0,6.0,5.0,3.0,4.0,6.0,4.0,6.0,7.0,5.333333333333333,7.0,3.0,7.0,6.0,5.0,7.0,7.0,3.0,5.0,2.0,6.0,6.0,5.333333333333333,,,,,,,,,,,,,,79.67
P00101,Human-Human Pair,4,2,6,7,5,6,3,6,5,4,4,5,6,3,5,5,4,7,4,4,4,7,6,4,4.833333333333333,4,3,3,2,2,3,2,5,1,5,2,2.909090909090909,6.0,7.0,5.0,7.0,1.0,4.0,4.0,4.0,5.0,4.777777777777778,6.0,6.0,6.0,4.0,6.0,5.0,7.0,6.0,5.0,4.0,4.0,4.0,5.25,,,,,,,,,,,,,,76.45
P00102,Human-Human Pair,6,6,5,5,6,5,4,3,4,6,4,5,6,6,4,7,7,4,4,7,5,2,3,5,4.958333333333333,1,2,3,5,2,4,5,5,3,1,3,3.090909090909091,7.0,5.0,7.0,7.0,6.0,7.0,6.0,2.0,5.0,5.777777777777778,7.0,4.0,5.0,4.0,7.0,7.0,4.0,5.0,4.0,6.0,6.0,6.0,5.416666666666667,,,,,,,,,,,,,,83.99
P00103,Human-Human Pair,7,4,3,5,3,3,4,4,4,6,5,5,7,4,5,6,3,2,6,6,7,6,7,5,4.875,3,5,1,3,6,3,5,2,3,3,1,3.1818181818181817,4.0,4.0,7.0,7.0,6.0,7.0,5.0,7.0,6.0,5.888888888888889,5.0,5.0,6.0,5.0,7.0,4.0,4.0,6.0,5.0,5.0,7.0,4.0,5.25,,,,,,,,,,,,,,77.79
P00105,Human-Human Pair,5,3,5,7,6,5,4,7,4,7,7,6,5,7,7,4,5,3,6,6,3,5,3,4,5.166666666666667,3,2,2,1,3,3,2,2,3,1,1,2.090909090909091,7.0,5.0,5.0,7.0,7.0,4.0,6.0,4.0,5.0,5.555555555555555,4.0,4.0,5.0,3.0,7.0,5.0,6.0,5.0,5.0,6.0,3.0,5.0,4.833333333333333,,,,,,,,,,,,,,70.11
P00106,Human-Human Pair,4,2,7,4,7,7,3,4,7,7,5,6,4,6,4,2,3,5,4,5,4,4,7,6,4.875,3,4,3,5,2,2,1,2,4,5,4,3.1818181818181817,3.0,7.0,3.0,7.0,5.0,7.0,3.0,7.0,3.0,5.0,4.0,4.0,3.0,5.0,7.0,7.0,5.0,7.0,6.0,6.0,5.0,6.0,5.416666666666667,,,,,,,,,,,,,,86.39
P00107,Human-Human Pair,5,5,5,7,4,5,7,7,7,5,6,7,7,2,3,7,5,4,4,5,3,7,5,5,5.291666666666667,4,4,4,4,2,2,4,2,3,3,4,3.272727272727273,3.0,7.0,5.0,7.0,7.0,7.0,7.0,7.0,7.0,6.333333333333333,6.0,5.0,7.0,6.0,5.0,6.0,5.0,4.0,7.0,5.0,7.0,3.0,5.5,,,,,,,,,,,,,,73.63
P00108,Human-Human Pair,5,7,6,6,4,4,6,3,5,6,4,7,7,3,4,2,4,7,5,6,3,7,5,5,5.041666666666667,3,1,1,4,3,4,3,3,1,2,3,2.5454545454545454,7.0,7.0,7.0,6.0,4.0,6.0,6.0,4.0,5.0,5.777777777777778,5.0,7.0,2.0,7.0,4.0,3.0,7.0,6.0,7.0,6.0,7.0,6.0,5.583333333333333,,,,,,,,,,,,,,78.3
P00110,Human-Human Pair,5,5,7,1,6,5,3,6,6,6,1,7,4,6,7,4,6,5,2,7,4,4,5,6,4.916666666666667,3,3,1,2,2,5,2,4,3,2,2,2.6363636363636362,5.0,6.0,7.0,6.0,7.0,4.0,5.0,4.0,6.0,5.555555555555555,5.0,6.0,4.0,5.0,6.0,2.0,7.0,5.0,2.0,5.0,5.0,5.0,4.75,,,,,,,,,,,,,,91.67
P00111,Human-Human Pair,7,6,6,5,7,3,6,6,7,4,3,6,6,7,4,7,7,5,3,5,5,6,5,7,5.541666666666667,1,1,4,1,2,7,3,1,3,3,3,2.6363636363636362,6.0,4.0,7.0,6.0,7.0,5.0,7.0,5.0,6.0,5.888888888888889,4.0,4.0,6.0,5.0,4.0,4.0,6.0,4.0,5.0,5.0,2.0,3.0,4.333333333333333,,,,,,,,,,,,,,84.04
P00112,Human-Human Pair,4,7,7,7,7,5,6,5,7,7,5,6,7,5,4,7,6,6,4,3,6,7,5,7,5.833333333333333,2,1,3,3,4,1,5,6,3,5,1,3.090909090909091,7.0,7.0,7.0,5.0,1.0,5.0,5.0,4.0,6.0,5.222222222222222,5.0,4.0,4.0,4.0,7.0,4.0,4.0,5.0,6.0,6.0,1.0,7.0,4.75,,,,,,,,,,,,,,96.86
P00113,Human-Human Pair,4,4,5,4,6,3,4,7,4,7,6,3,6,5,5,6,6,6,7,6,3,5,7,7,5.25,6,5,3,3,3,1,3,4,2,3,4,3.3636363636363638,4.0,5.0,4.0,4.0,4.0,4.0,7.0,4.0,6.0,4.666666666666667,4.0,7.0,7.0,7.0,6.0,5.0,3.0,7.0,4.0,6.0,7.0,4.0,5.583333333333333,,,,,,,,,,,,,,92.22
P00115,Human-Human Pair,4,7,3,6,5,4,6,3,5,3,6,4,5,6,4,5,3,6,7,7,6,7,3,7,5.083333333333333,4,2,4,2,2,3,1,4,1,1,1,2.272727272727273,7.0,5.0,3.0,5.0,5.0,4.0,4.0,7.0,4.0,4.888888888888889,5.0,5.0,5.0,6.0,7.0,5.0,3.0,7.0,5.0,7.0,2.0,6.0,5.25,,,,,,,,,,,,,,100.0
P00116,Human-Human Pair,5,5,6,5,5,5,4,7,6,6,7,5,4,5,5,4,5,5,7,1,5,7,6,7,5.291666666666667,3,2,1,3,1,1,2,5,6,3,2,2.6363636363636362,4.0,6.0,7.0,5.0,2.0,6.0,7.0,3.0,6.0,5.111111111111111,6.0,5.0,4.0,7.0,5.0,3.0,2.0,7.0,6.0,5.0,5.0,4.0,4.916666666666667,,,,,,,,,,,,,,67.59
P00117,Human-Human Pair,5,2,4,5,6,5,7,7,7,6,5,4,7,7,6,7,3,4,7,6,7,5,4,5,5.458333333333333,1,1,4,4,3,1,2,1,4,2,1,2.1818181818181817,6.0,5.0,7.0,4.0,3.0,2.0,5.0,5.0,3.0,4.444444444444445,7.0,6.0,5.0,7.0,6.0,4.0,4.0,6.0,6.0,5.0,4.0,6.0,5.5,,,,,,,,,,,,,,71.32
P00118,Human-Human Pair,5,7,4,3,4,7,6,5,5,6,4,6,4,4,4,5,5,6,1,4,5,7,4,6,4.875,5,1,3,1,2,1,2,7,4,4,3,3.0,3.0,6.0,7.0,4.0,7.0,7.0,7.0,5.0,4.0,5.555555555555555,5.0,7.0,2.0,2.0,5.0,5.0,5.0,7.0,4.0,2.0,7.0,4.0,4.583333333333333,,,,,,,,,,,,,,67.78
P00120,Human-Human Pair,5,4,4,6,3,5,6,7,6,4,7,5,4,5,7,6,5,7,3,3,3,6,6,7,5.166666666666667,3,2,3,3,1,7,3,3,4,4,2,3.1818181818181817,5.0,6.0,6.0,4.0,7.0,6.0,7.0,7.0,6.0,6.0,6.0,6.0,4.0,5.0,5.0,4.0,7.0,3.0,3.0,7.0,6.0,4.0,5.0,,,,,,,,,,,,,,87.2
P00121,Human-Human Pair,7,5,7,3,6,7,7,5,5,6,7,6,7,4,5,4,5,7,6,7,6,6,6,4,5.75,3,4,3,1,1,2,3,4,1,2,3,2.4545454545454546,3.0,4.0,4.0,4.0,6.0,5.0,5.0,6.0,7.0,4.888888888888889,7.0,2.0,6.0,5.0,5.0,5.0,5.0,5.0,4.0,4.0,5.0,6.0,4.916666666666667,,,,,,,,,,,,,,87.1
P00122,Human-Human Pair,7,5,6,7,7,5,5,6,4,5,7,6,5,6,4,6,5,5,5,5,5,6,5,7,5.583333333333333,5,1,3,2,2,6,2,3,3,1,1,2.6363636363636362,4.0,4.0,1.0,6.0,7.0,6.0,3.0,5.0,5.0,4.555555555555555,4.0,7.0,6.0,4.0,6.0,7.0,7.0,7.0,4.0,7.0,5.0,4.0,5.666666666666667,,,,,,,,,,,,,,83.93
P00123,Human-Human Pair,5,6,3,5,7,5,6,6,7,3,6,5,6,7,4,4,3,5,7,5,3,5,3,4,5.0,3,1,4,3,3,2,4,4,3,3,2,2.909090909090909,6.0,5.0,5.0,5.0,5.0,4.0,6.0,7.0,7.0,5.555555555555555,3.0,7.0,5.0,6.0,4.0,5.0,6.0,3.0,6.0,7.0,5.0,7.0,5.333333333333333,,,,,,,,,,,,,,77.91
P00125,Human-Human Pair,7,7,4,7,6,4,7,7,5,5,5,6,7,6,6,7,5,7,5,6,5,5,5,7,5.875,2,2,6,4,1,2,1,1,1,2,1,2.090909090909091,6.0,3.0,6.0,5.0,7.0,7.0,7.0,5.0,7.0,5.888888888888889,3.0,3.0,5.0,7.0,5.0,5.0,3.0,7.0,7.0,6.0,4.0,4.0,4.916666666666667,,,,,,,,,,,,,,65.05
P00126,Human-Human Pair,6,4,4,5,5,5,6,6,5,6,4,6,6,3,7,4,6,7,7,5,5,7,6,4,5.375,1,1,3,3,4,3,5,2,4,2,4,2.909090909090909,3.0,6.0,3.0,5.0,6.0,5.0,4.0,7.0,5.0,4.888888888888889,4.0,5.0,7.0,7.0,7.0,6.0,5.0,2.0,4.0,5.0,2.0,3.0,4.75,,,,,,,,,,,,,,57.04
P00127,Human-Human Pair,5,7,7,6,4,3,3,4,4,5,4,6,5,5,7,4,6,5,5,7,7,4,5,6,5.166666666666667,2,4,3,5,1,2,1,4,1,3,2,2.5454545454545454,4.0,3.0,5.0,7.0,5.0,6.0,7.0,6.0,5.0,5.333333333333333,6.0,4.0,4.0,3.0,7.0,5.0,6.0,4.0,6.0,4.0,5.0,7.0,5.083333333333333,,,,,,,,,,,,,,89.34
P00128,Human-Human Pair,5,3,7,7,7,4,5,5,7,6,4,5,7,7,7,7,5,1,6,5,6,6,3,6,5.458333333333333,4,4,4,4,2,3,3,3,4,4,6,3.727272727272727,7.0,6.0,1.0,7.0,5.0,4.0,5.0,5.0,6.0,5.111111111111111,3.0,4.0,6.0,6.0,6.0,4.0,4.0,4.0,6.0,7.0,2.0,5.0,4.75,,,,,,,,,,,,,,64.59
P00130,Human-Human Pair,7,4,7,5,7,7,1,4,7,6,4,4,3,5,7,7,7,7,7,7,6,5,7,7,5.75,2,2,3,4,4,1,6,2,2,1,7,3.090909090909091,6.0,4.0,7.0,7.0,5.0,7.0,4.0,5.0,2.0,5.222222222222222,3.0,7.0,7.0,5.0,7.0,5.0,5.0,5.0,5.0,5.0,7.0,5.0,5.5,,,,,,,,,,,,,,88.43
P00131,Human-Human Pair,7,6,4,3,6,5,6,5,7,3,2,6,5,6,6,7,3,5,6,7,7,7,5,4,5.333333333333333,2,2,4,3,1,2,4,3,3,3,5,2.909090909090909,6.0,5.0,4.0,6.0,2.0,5.0,5.0,3.0,4.0,4.444444444444445,6.0,6.0,5.0,6.0,5.0,7.0,5.0,3.0,7.0,6.0,4.0,3.0,5.25,,,,,,,,,,,,,,84.74
P00132,Human-Human Pair,5,7,5,4,7,7,6,6,5,6,7,6,5,7,2,7,3,4,5,5,7,4,6,5,5.458333333333333,3,3,3,2,2,3,4,2,1,4,3,2.727272727272727,7.0,4.0,3.0,5.0,4.0,5.0,5.0,7.0,5.0,5.0,5.0,5.0,6.0,5.0,6.0,4.0,7.0,5.0,3.0,6.0,4.0,6.0,5.166666666666667,,,,,,,,,,,,,,100.0
P00133,Human-Human Pair,4,6,3,6,4,4,4,7,7,5,4,7,4,2,6,4,7,5,6,7,4,5,5,7,5.125,2,2,3,2,3,1,6,1,2,3,6,2.8181818181818183,3.0,7.0,7.0,6.0,4.0,6.0,4.0,7.0,4.0,5.333333333333333,5.0,4.0,4.0,6.0,6.0,7.0,3.0,7.0,7.0,5.0,7.0,5.0,5.5,,,,,,,,,,,,,,64.13
P00135,Human-Human Pair,7,6,2,5,7,6,6,3,4,6,6,7,5,6,5,4,2,6,6,4,3,6,5,6,5.125,5,1,2,2,5,1,6,3,2,2,2,2.8181818181818183,7.0,4.0,6.0,5.0,4.0,7.0,6.0,6.0,7.0,5.777777777777778,3.0,7.0,1.0,4.0,5.0,6.0,6.0,5.0,5.0,4.0,3.0,6.0,4.583333333333333,,,,,,,,,,,,,,88.21
P00136,Human-Human Pair,7,4,6,5,7,7,6,5,7,6,4,3,5,7,7,4,4,7,4,6,4,7,4,7,5.541666666666667,3,3,1,1,2,3,1,1,3,3,2,2.090909090909091,7.0,4.0,5.0,7.0,6.0,6.0,7.0,3.0,7.0,5.777777777777778,7.0,5.0,7.0,4.0,4.0,6.0,6.0,7.0,7.0,5.0,7.0,5.0,5.833333333333333,,,,,,,,,,,,,,90.64
P00137,Human-Human Pair,6,6,6,3,4,6,3,7,7,6,4,7,7,6,6,6,6,5,5,7,7,3,5,4,5.5,5,2,1,4,5,4,3,3,5,1,2,3.1818181818181817,5.0,4.0,5.0,7.0,6.0,6.0,6.0,6.0,4.0,5.444444444444445,5.0,6.0,6.0,6.0,5.0,5.0,7.0,7.0,6.0,5.0,5.0,5.0,5.666666666666667,,,,,,,,,,,,,,83.54
P00138,Human-Human Pair,3,3,4,6,5,7,3,4,7,6,7,7,4,5,5,2,5,7,6,6,5,4,7,5,5.125,3,3,5,4,1,1,4,3,2,4,3,3.0,6.0,7.0,5.0,7.0,4.0,6.0,7.0,3.0,5.0,5.555555555555555,7.0,7.0,5.0,4.0,7.0,7.0,3.0,3.0,6.0,6.0,5.0,6.0,5.5,,,,,,,,,,,,,,71.85
P00150,Human-Human Pair,6,6,5,6,6,6,6,7,5,4,5,2,7,7,4,5,4,7,3,6,5,7,5,3,5.291666666666667,2,1,3,5,1,1,2,2,4,2,3,2.3636363636363638,5.0,6.0,7.0,4.0,7.0,6.0,7.0,5.0,6.0,5.888888888888889,5.0,5.0,6.0,6.0,3.0,7.0,2.0,4.0,5.0,6.0,7.0,2.0,4.833333333333333,,,,,,,,,,,,,,74.21
P00151,Human-Human Pair,2,5,6,7,6,7,6,5,3,6,3,7,5,7,5,6,6,5,5,6,4,4,7,7,5.416666666666667,3,5,2,5,3,1,5,4,2,4,2,3.272727272727273,7.0,2.0,4.0,7.0,5.0,6.0,3.0,7.0,7.0,5.333333333333333,5.0,5.0,7.0,7.0,7.0,7.0,4.0,4.0,3.0,6.0,5.0,5.0,5.416666666666667,,,,,,,,,,,,,,89.55
P00152,Human-Human Pair,7,3,5,7,5,4,7,3,5,6,5,7,5,7,5,6,7,4,2,6,6,6,5,5,5.333333333333333,6,1,4,2,2,2,1,3,5,3,3,2.909090909090909,4.0,6.0,7.0,5.0,5.0,5.0,5.0,1.0,6.0,4.888888888888889,4.0,3.0,6.0,4.0,5.0,7.0,3.0,3.0,6.0,7.0,3.0,6.0,4.75,,,,,,,,,,,,,,86.89
P00153,Human-Human Pair,2,7,7,5,7,7,6,5,4,5,6,5,2,7,6,5,7,7,1,6,3,6,6,6,5.333333333333333,2,1,2,3,4,1,4,2,3,2,3,2.4545454545454546,7.0,4.0,4.0,6.0,7.0,4.0,7.0,7.0,5.0,5.666666666666667,5.0,4.0,5.0,3.0,5.0,7.0,4.0,5.0,3.0,6.0,6.0,5.0,4.833333333333333,,,,,,,,,,,,,,77.6
P00155,Human-Human Pair,6,5,6,4,7,7,3,4,4,6,3,5,6,5,6,4,6,5,5,6,6,5,4,5,5.125,3,1,2,3,1,4,5,1,5,2,3,2.727272727272727,5.0,7.0,6.0,4.0,4.0,3.0,6.0,6.0,6.0,5.222222222222222,5.0,3.0,4.0,7.0,5.0,5.0,4.0,6.0,5.0,7.0,6.0,4.0,5.083333333333333,,,,,,,,,,,,,,78.65
P00156,Human-Human Pair,5,3,4,6,6,6,5,7,6,6,3,1,6,3,5,5,7,6,6,7,6,5,7,4,5.208333333333333,3,1,3,3,5,1,2,4,3,3,1,2.6363636363636362,5.0,7.0,5.0,6.0,5.0,4.0,7.0,6.0,7.0,5.777777777777778,4.0,6.0,3.0,5.0,7.0,2.0,5.0,4.0,4.0,6.0,7.0,5.0,4.833333333333333,,,,,,,,,,,,,,82.52
P00157,Human-Human Pair,6,5,4,7,6,6,4,5,5,3,3,5,6,4,4,4,5,5,7,7,7,7,4,4,5.125,1,5,2,1,2,2,3,3,1,4,2,2.3636363636363638,5.0,7.0,5.0,5.0,6.0,4.0,5.0,6.0,7.0,5.555555555555555,6.0,6.0,6.0,4.0,5.0,5.0,6.0,5.0,6.0,5.0,5.0,3.0,5.166666666666667,,,,,,,,,,,,,,76.39
P00158,Individual,7,6,5,7,3,4,7,5,5,3,6,6,4,5,5,6,4,7,7,5,5,5,4,5,5.25,2,5,4,4,3,1,3,4,1,4,6,3.3636363636363638,,,,,,,,,,,,,,,,,,,,,,,,,,,,,,,,,,,,,87.72
P00160,Individual,3,2,4,5,7,7,6,4,4,6,6,6,4,6,6,4,4,6,5,7,6,5,5,5,5.125,2,1,4,4,4,5,2,5,1,1,1,2.727272727272727,,,,,,,,,,,,,,,,,,,,,,,,,,,,,,,,,,,,,70.78
P00161,Individual,4,6,6,3,5,5,3,4,4,7,6,6,3,7,7,2,4,6,6,4,5,4,5,7,4.958333333333333,2,4,2,1,4,4,4,1,2,4,3,2.8181818181818183,,,,,,,,,,,,,,,,,,,,,,,,,,,,,,,,,,,,,63.73
P00162,Individual,6,4,7,7,6,7,5,6,7,6,5,3,5,6,7,6,4,2,4,5,5,6,7,5,5.458333333333333,2,2,3,2,3,3,3,3,3,1,4,2.6363636363636362,,,,,,,,,,,,,,,,,,,,,,,,,,,,,,,,,,,,,68.25
P00163,Individual,4,4,6,5,3,6,3,5,6,7,7,3,5,5,6,6,5,5,4,7,6,7,5,4,5.166666666666667,1,3,1,6,1,3,5,4,3,1,1,2.6363636363636362,,,,,,,,,,,,,,,,,,,,,,,,,,,,,,,,,,,,,84.44
P00165,Individual,5,6,1,5,4,6,4,4,5,4,5,3,2,7,3,5,6,4,4,6,7,3,5,3,4.458333333333333,2,3,1,2,1,3,4,1,2,4,5,2.5454545454545454,,,,,,,,,,,,,,,,,,,,,,,,,,,,,,,,,,,,,59.01
P00166,Individual,5,6,5,2,6,7,5,4,4,7,7,6,6,4,5,5,6,7,7,3,6,6,6,4,5.375,7,1,1,3,6,2,2,4,3,2,4,3.1818181818181817,,,,,,,,,,,,,,,,,,,,,,,,,,,,,,,,,,,,,78.85
P00167,Individual,7,7,6,6,6,6,5,5,7,7,3,5,4,5,6,6,5,2,4,7,1,7,6,7,5.416666666666667,2,1,3,5,4,2,3,2,2,4,1,2.6363636363636362,,,,,,,,,,,,,,,,,,,,,,,,,,,,,,,,,,,,,65.75
P00168,Individual,4,3,5,7,5,3,6,7,4,5,6,7,4,3,6,6,5,4,7,6,4,5,3,6,5.041666666666667,2,2,3,3,4,4,3,4,3,2,3,3.0,,,,,,,,,,,,,,,,,,,,,,,,,,,,,,,,,,,,,74.12
P00170,Individual,3,5,6,5,6,5,4,4,6,4,7,7,3,7,7,6,6,7,5,6,3,5,6,6,5.375,4,2,2,6,3,3,3,2,5,2,1,3.0,,,,,,,,,,,,,,,,,,,,,,,,,,,,,,,,,,,,,70.73
P00171,Individual,2,4,4,6,4,7,7,6,5,5,3,5,4,6,7,6,2,5,5,5,4,6,3,4,4.791666666666667,4,1,4,1,5,2,2,3,2,3,4,2.8181818181818183,,,,,,,,,,,,,,,,,,,,,,,,,,,,,,,,,,,,,86.58
P00172,Individual,6,5,5,7,7,4,5,5,5,3,5,7,6,2,7,7,5,6,4,5,7,5,2,5,5.208333333333333,3,5,3,2,4,3,2,4,3,3,3,3.1818181818181817,,,,,,,,,,,,,,,,,,,,,,,,,,,,,,,,,,,,,63.76
P00173,Individual,4,5,5,7,6,7,5,7,6,5,5,4,6,5,4,7,3,5,7,6,5,6,6,3,5.375,2,5,2,2,2,3,2,3,3,4,1,2.6363636363636362,,,,,,,,,,,,,,,,,,,,,,,,,,,,,,,,,,,,,71.97
P00175,Individual,5,5,7,4,4,4,5,4,4,4,5,3,5,7,5,7,7,6,5,5,6,5,2,6,5.0,1,1,3,3,1,3,4,1,5,1,6,2.6363636363636362,,,,,,,,,,,,,,,,,,,,,,,,,,,,,,,,,,,,,71.17
P00176,Individual,5,2,5,6,5,4,4,7,5,7,4,5,6,3,3,7,3,3,7,3,6,5,1,5,4.625,3,3,4,2,4,2,1,1,1,4,1,2.3636363636363638,,,,,,,,,,,,,,,,,,,,,,,,,,,,,,,,,,,,,78.87
P00177,Individual,5,5,7,5,6,5,5,7,3,7,6,5,7,2,4,3,6,4,6,5,5,6,5,4,5.125,7,2,1,1,1,4,3,3,2,2,2,2.5454545454545454,,,,,,,,,,,,,,,,,,,,,,,,,,,,,,,,,,,,,74.88
P00178,Individual,6,6,6,6,7,6,6,7,4,4,3,6,2,6,5,7,4,5,7,7,4,6,6,6,5.5,2,5,1,2,3,3,5,5,2,5,2,3.1818181818181817,,,,,,,,,,,,,,,,,,,,,,,,,,,,,,,,,,,,,86.25
P00180,Individual,5,7,7,5,4,6,5,4,4,3,4,7,6,4,6,4,5,5,6,3,4,3,5,7,4.958333333333333,2,2,4,4,3,4,1,5,6,4,1,3.272727272727273,,,,,,,,,,,,,,,,,,,,,,,,,,,,,,,,,,,,,69.52
P00181,Individual,6,5,7,6,4,5,4,5,4,7,7,3,2,5,3,5,6,7,6,5,2,5,5,6,5.0,2,2,1,1,1,1,3,2,2,1,1,1.5454545454545454,,,,,,,,,,,,,,,,,,,,,,,,,,,,,,,,,,,,,92.73
P00182,Individual,4,5,3,7,5,4,5,7,5,5,4,2,5,6,7,2,4,4,5,5,5,6,4,7,4.833333333333333,3,2,5,5,4,1,5,4,6,5,5,4.090909090909091,,,,,,,,,,,,,,,,,,,,,,,,,,,,,,,,,,,,,85.66
P00183,Individual,7,7,6,3,5,6,5,3,3,4,6,7,7,7,5,3,5,5,4,5,6,7,5,2,5.125,2,3,5,2,4,3,3,4,2,2,3,3.0,,,,,,,,,,,,,,,,,,,,,,,,,,,,,,,,,,,,,68.6
P00185,Individual,5,7,7,5,4,4,6,5,5,4,4,6,3,7,4,5,3,5,5,5,7,6,4,4,5.0,4,5,3,4,4,5,1,4,4,1,1,3.272727272727273,,,,,,,,,,,,,,,,,,,,,,,,,,,,,,,,,,,,,66.23
P00186,Individual,4,5,6,7,7,4,4,7,6,5,6,5,6,5,6,3,4,4,5,4,4,3,6,5,5.041666666666667,1,2,3,2,2,3,3,1,4,2,3,2.3636363636363638,,,,,,,,,,,,,,,,,,,,,,,,,,,,,,,,,,,,,75.39
P00187,Individual,4,4,5,7,3,7,5,5,4,4,4,4,5,5,7,3,5,6,4,6,5,1,6,4,4.708333333333333,1,4,2,4,5,2,4,2,6,2,4,3.272727272727273,,,,,,,,,,,,,,,,,,,,,,,,,,,,,,,,,,,,,85.27
P00188,Individual,6,4,5,2,6,6,5,1,3,4,6,6,5,6,4,6,6,6,5,7,6,4,6,6,5.041666666666667,2,4,3,1,3,2,4,4,3,5,2,3.0,,,,,,,,,,,,,,,,,,,,,,,,,,,,,,,,,,,,,82.81
P00200,Individual,5,7,6,6,5,3,6,6,2,4,4,5,4,5,5,5,4,4,4,6,6,4,7,5,4.916666666666667,5,2,1,3,3,3,2,3,2,2,4,2.727272727272727,,,,,,,,,,,,,,,,,,,,,,,,,,,,,,,,,,,,,77.86
P00201,Individual,6,5,5,4,5,1,4,5,6,5,6,2,5,3,3,5,7,6,5,5,4,4,6,3,4.583333333333333,4,2,4,4,1,2,1,1,1,6,4,2.727272727272727,,,,,,,,,,,,,,,,,,,,,,,,,,,,,,,,,,,,,97.33
P00202,Individual,6,4,5,6,6,4,3,7,5,5,5,5,5,7,5,3,5,5,7,7,5,3,3,5,5.041666666666667,3,2,2,2,3,1,1,2,5,2,3,2.3636363636363638,,,,,,,,,,,,,,,,,,,,,,,,,,,,,,,,,,,,,78.33
P00203,Individual,7,7,5,5,4,5,5,6,6,6,7,7,5,7,5,7,7,7,5,4,3,5,7,5,5.708333333333333,4,4,2,5,1,1,1,2,3,3,3,2.6363636363636362,,,,,,,,,,,,,,,,,,,,,,,,,,,,,,,,,,,,,82.49
P00205,Individual,5,6,5,6,4,7,5,5,5,4,6,4,6,7,4,5,6,5,6,6,7,4,4,5,5.291666666666667,1,4,1,6,5,3,4,1,7,2,3,3.3636363636363638,,,,,,,,,,,,,,,,,,,,,,,,,,,,,,,,,,,,,54.94
P00206,Individual,6,4,5,4,4,4,6,3,4,6,7,6,4,5,5,5,7,6,7,5,7,5,4,7,5.25,1,2,2,7,5,5,2,6,3,4,3,3.6363636363636362,,,,,,,,,,,,,,,,,,,,,,,,,,,,,,,,,,,,,75.23
P00207,Individual,5,5,6,6,5,7,1,6,6,7,5,6,7,7,5,6,7,2,4,7,7,6,5,4,5.5,2,5,2,3,2,4,2,3,1,1,3,2.5454545454545454,,,,,,,,,,,,,,,,,,,,,,,,,,,,,,,,,,,,,60.9
P00208,Individual,7,2,4,5,5,4,4,4,5,7,5,7,6,7,1,5,7,4,7,7,5,4,4,4,5.0,1,3,1,4,4,1,5,4,4,2,4,3.0,,,,,,,,,,,,,,,,,,,,,,,,,,,,,,,,,,,,,88.44
P00210,Individual,6,6,1,6,3,6,7,4,5,4,7,5,7,6,6,5,6,3,5,5,6,5,4,5,5.125,1,1,4,4,3,5,2,1,3,2,1,2.4545454545454546,,,,,,,,,,,,,,,,,,,,,,,,,,,,,,,,,,,,,74.89
P00211,Individual,4,2,5,4,6,4,7,7,6,3,7,7,5,7,4,2,4,7,3,5,5,4,5,5,4.916666666666667,2,1,3,4,4,2,1,2,5,4,4,2.909090909090909,,,,,,,,,,,,,,,,,,,,,,,,,,,,,,,,,,,,,85.79
P00212,Individual,6,5,6,4,3,6,7,4,6,7,5,4,5,4,4,6,3,3,5,5,6,7,5,6,5.083333333333333,1,4,2,3,3,4,1,1,2,3,3,2.4545454545454546,,,,,,,,,,,,,,,,,,,,,,,,,,,,,,,,,,,,,89.63
P00213,Individual,6,4,2,5,7,5,5,6,4,6,7,5,4,5,2,6,6,7,5,6,4,5,3,5,5.0,2,3,2,3,2,2,3,3,4,3,2,2.6363636363636362,,,,,,,,,,,,,,,,,,,,,,,,,,,,,,,,,,,,,73.76
P00215,Individual,5,7,6,4,4,4,7,5,7,5,6,6,4,4,7,7,6,6,6,7,5,6,3,4,5.458333333333333,1,5,1,2,1,2,2,5,3,2,4,2.5454545454545454,,,,,,,,,,,,,,,,,,,,,,,,,,,,,,,,,,,,,75.99
P00216,Individual,5,3,4,4,5,5,7,6,1,6,3,4,4,4,3,6,3,6,7,3,5,1,5,6,4.416666666666667,4,3,4,7,5,2,1,2,1,3,1,3.0,,,,,,,,,,,,,,,,,,,,,,,,,,,,,,,,,,,,,74.97
P00217,Individual,6,5,4,7,2,5,5,5,6,6,5,5,5,4,6,4,7,5,4,6,4,6,6,4,5.083333333333333,4,4,4,4,3,1,6,1,4,3,1,3.1818181818181817,,,,,,,,,,,,,,,,,,,,,,,,,,,,,,,,,,,,,74.39
P00218,Individual,5,7,4,5,2,7,4,6,5,5,6,7,6,6,6,7,5,7,7,7,4,5,6,3,5.5,5,3,3,2,1,2,3,4,3,3,2,2.8181818181818183,,,,,,,,,,,,,,,,,,,,,,,,,,,,,,,,,,,,,81.36
P00220,Individual,3,5,7,5,5,6,6,5,6,5,6,5,6,4,4,7,5,6,5,7,4,5,6,7,5.416666666666667,2,6,3,1,3,2,3,3,3,1,4,2.8181818181818183,,,,,,,,,,,,,,,,,,,,,,,,,,,,,,,,,,,,,62.8
P00221,Individual,4,6,7,5,6,7,6,5,4,2,5,7,4,6,4,5,6,4,5,5,6,6,5,7,5.291666666666667,4,2,3,3,3,7,3,1,2,1,2,2.8181818181818183,,,,,,,,,,,,,,,,,,,,,,,,,,,,,,,,,,,,,53.46
P00222,Individual,4,3,6,5,6,5,3,6,7,6,5,3,4,6,7,6,6,6,6,4,5,4,5,6,5.166666666666667,5,1,3,5,4,4,4,5,1,1,3,3.272727272727273,,,,,,,,,,,,,,,,,,,,,,,,,,,,,,,,,,,,,51.51
P00223,Individual,7,7,5,5,5,5,5,6,5,7,6,4,7,3,5,7,4,6,6,4,5,5,4,7,5.416666666666667,2,4,2,1,3,4,4,5,7,3,2,3.3636363636363638,,,,,,,,,,,,,,,,,,,,,,,,,,,,,,,,,,,,,80.88
P00225,Individual,6,6,3,5,4,5,3,7,7,7,7,5,4,4,6,6,5,7,6,4,4,6,7,6,5.416666666666667,6,5,3,1,1,2,4,5,3,5,2,3.3636363636363638,,,,,,,,,,,,,,,,,,,,,,,,,,,,,,,,,,,,,82.79
P00226,Individual,6,2,5,7,6,3,2,5,5,4,5,6,6,2,3,5,6,6,6,5,5,4,6,4,4.75,4,3,3,2,1,2,2,1,2,4,4,2.5454545454545454,,,,,,,,,,,,,,,,,,,,,,,,,,,,,,,,,,,,,70.21
P00227,Individual,5,4,5,7,7,6,4,6,3,5,6,6,6,6,5,6,4,4,5,5,2,6,6,5,5.166666666666667,6,2,2,2,3,2,1,2,3,5,6,3.090909090909091,,,,,,,,,,,,,,,,,,,,,,,,,,,,,,,,,,,,,90.79
P00228,Individual,4,4,5,7,5,3,4,6,6,5,6,2,5,7,4,4,2,7,4,6,6,7,5,4,4.916666666666667,3,5,3,1,1,1,4,2,2,2,3,2.4545454545454546,,,,,,,,,,,,,,,,,,,,,,,,,,,,,,,,,,,,,73.1
P00230,Individual,5,5,6,7,6,7,4,6,5,6,7,5,5,6,3,5,5,4,7,4,5,6,7,5,5.458333333333333,4,4,3,1,1,3,2,4,4,2,1,2.6363636363636362,,,,,,,,,,,,,,,,,,,,,,,,,,,,,,,,,,,,,81.53
P00231,Individual,4,4,4,5,7,5,5,3,6,4,5,5,6,5,5,6,7,7,5,5,4,4,4,4,4.958333333333333,4,1,5,4,3,3,2,3,4,2,1,2.909090909090909,,,,,,,,,,,,,,,,,,,,,,,,,,,,,,,,,,,,,83.69
P00232,Individual,6,4,4,4,4,5,5,4,4,5,5,5,7,6,3,6,6,5,3,5,5,4,3,5,4.708333333333333,2,2,3,1,2,4,2,1,2,1,3,2.090909090909091,,,,,,,,,,,,,,,,,,,,,,,,,,,,,,,,,,,,,79.37
P00233,Individual,3,6,4,7,5,3,4,6,5,5,7,4,5,7,6,3,6,3,7,4,7,7,4,5,5.125,4,4,3,5,3,2,2,4,3,3,4,3.3636363636363638,,,,,,,,,,,,,,,,,,,,,,,,,,,,,,,,,,,,,52.75
